{"cameraMode":{"drawMode":0,"name":"Shaded","section":"Shading Mode"},"sceneLighting":false,"audioPlay":false,"sceneViewState":{"showFog":true,"showMaterialUpdate":false,"showSkybox":false,"showFlares":true,"showImageEffects":true,"showParticleSystems":true,"showVisualEffectGraphs":true,"m_FxEnabled":true},"in2DMode":false,"pivot":{"x":6.817214012145996,"y":1.9102442264556885,"z":4.9138078689575199},"rotation":{"x":-0.0020045116543769838,"y":-0.9965893030166626,"z":0.08265030384063721,"w":-0.0036308025009930135},"size":1.7410831451416016,"orthographic":false}