{"cameraMode":{"drawMode":0,"name":"Shaded","section":"Shading Mode"},"sceneLighting":false,"audioPlay":false,"sceneViewState":{"showFog":true,"showMaterialUpdate":false,"showSkybox":false,"showFlares":true,"showImageEffects":true,"showParticleSystems":true,"showVisualEffectGraphs":true,"m_FxEnabled":true},"in2DMode":false,"pivot":{"x":-0.24987703561782838,"y":0.14355362951755525,"z":0.11456605792045593},"rotation":{"x":0.07749351859092713,"y":-0.7099542617797852,"z":0.0815892294049263,"w":0.695216953754425},"size":0.7548924684524536,"orthographic":false}